Workbook

Sheet Raw_Data
A1: FinVerify – Raw Vendor Performance Data | April 2026
A2: Date | B2: Acquisition_Channel | C2: Initiated_KYC_Count | D2: API_Response_Time_ms | E2: System_Errors | F2: Vendor_Approved_Count | G2: Manual_Review_Triggered_Count
A3: 2026-04-01 | B3: Organic | C3: 120 | D3: 450 | E3: 1 | F3: 98 | G3: 12
A4: 2026-04-01 | B4: Paid Ads | C4: 340 | D4: 480 | E4: 4 | F4: 221 | G4: 68
A5: 2026-04-01 | B5: Referral | C5: 85 | D5: 420 | E5: 0 | F5: 72 | G5: 8
A6: 2026-04-02 | B6: Organic | C6: 115 | D6: 460 | E6: 0 | F6: 92 | G6: 15
A7: 2026-04-02 | B7: Paid Ads | C7: 310 | D7: 510 | E7: 5 | F7: 205 | G7: 60
A8: 2026-04-02 | B8: Referral | C8: 90 | D8: 440 | E8: 1 | F8: 78 | G8: 6
A9: 2026-04-03 | B9: Organic | C9: 130 | D9: 480 | E9: 2 | F9: 104 | G9: 14
A10: 2026-04-03 | B10: Paid Ads | C10: 325 | D10: 490 | E10: 3 | F10: 211 | G10: 62
A11: 2026-04-03 | B11: Referral | C11: 95 | D11: 430 | E11: 0 | F11: 81 | G11: 9
A12: 2026-04-04 | B12: Organic | C12: 140 | D12: 520 | E12: 1 | F12: 112 | G12: 18
A13: 2026-04-04 | B13: Paid Ads | C13: 360 | D13: 550 | E13: 6 | F13: 234 | G13: 70
A14: 2026-04-04 | B14: Referral | C14: 100 | D14: 460 | E14: 1 | F14: 84 | G14: 10
... A92: 2026-04-30 | B92: Referral | C92: 115 | D92: 460 | E92: 1 | F92: 100 | G92: 11

Sheet Cleaned_Data
A1: FinVerify | Cleaned Data
A2: Date | B2: Acquisition_Channel | C2: Initiated_KYC_Count | D2: API_Response_Time_ms | E2: System_Errors | F2: Vendor_Approved_Count | G2: Manual_Review_Triggered_Count | H2: Week | I2: Pass_Rate | J2: Manual_Review_Rate
A3: 2026-04-01 | B3: Organic | C3: 120 | D3: 450 | E3: 1 | F3: 98 | G3: 12 | H3: =WEEKNUM(A3,2) -> 14 | I3: =IF(C3>0,F3/C3,0) -> 0.81666667 | J3: =IF(C3>0,G3/C3,0) -> 0.1
A4: 2026-04-01 | B4: Paid Ads | C4: 340 | D4: 480 | E4: 4 | F4: 221 | G4: 68 | H4: =WEEKNUM(A4,2) -> 14 | I4: =IF(C4>0,F4/C4,0) -> 0.65 | J4: =IF(C4>0,G4/C4,0) -> 0.2
A5: 2026-04-01 | B5: Referral | C5: 85 | D5: 420 | E5: 0 | F5: 72 | G5: 8 | H5: =WEEKNUM(A5,2) -> 14 | I5: =IF(C5>0,F5/C5,0) -> 0.84705882 | J5: =IF(C5>0,G5/C5,0) -> 0.094117647
A6: 2026-04-02 | B6: Organic | C6: 115 | D6: 460 | E6: 0 | F6: 92 | G6: 15 | H6: =WEEKNUM(A6,2) -> 14 | I6: =IF(C6>0,F6/C6,0) -> 0.8 | J6: =IF(C6>0,G6/C6,0) -> 0.13043478
A7: 2026-04-02 | B7: Paid Ads | C7: 310 | D7: 510 | E7: 5 | F7: 205 | G7: 60 | H7: =WEEKNUM(A7,2) -> 14 | I7: =IF(C7>0,F7/C7,0) -> 0.66129032 | J7: =IF(C7>0,G7/C7,0) -> 0.19354839
A8: 2026-04-02 | B8: Referral | C8: 90 | D8: 440 | E8: 1 | F8: 78 | G8: 6 | H8: =WEEKNUM(A8,2) -> 14 | I8: =IF(C8>0,F8/C8,0) -> 0.86666667 | J8: =IF(C8>0,G8/C8,0) -> 0.066666667
A9: 2026-04-03 | B9: Organic | C9: 130 | D9: 480 | E9: 2 | F9: 104 | G9: 14 | H9: =WEEKNUM(A9,2) -> 14 | I9: =IF(C9>0,F9/C9,0) -> 0.8 | J9: =IF(C9>0,G9/C9,0) -> 0.10769231
A10: 2026-04-03 | B10: Paid Ads | C10: 325 | D10: 490 | E10: 3 | F10: 211 | G10: 62 | H10: =WEEKNUM(A10,2) -> 14 | I10: =IF(C10>0,F10/C10,0) -> 0.64923077 | J10: =IF(C10>0,G10/C10,0) -> 0.19076923
A11: 2026-04-03 | B11: Referral | C11: 95 | D11: 430 | E11: 0 | F11: 81 | G11: 9 | H11: =WEEKNUM(A11,2) -> 14 | I11: =IF(C11>0,F11/C11,0) -> 0.85263158 | J11: =IF(C11>0,G11/C11,0) -> 0.094736842
A12: 2026-04-04 | B12: Organic | C12: 140 | D12: 520 | E12: 1 | F12: 112 | G12: 18 | H12: =WEEKNUM(A12,2) -> 14 | I12: =IF(C12>0,F12/C12,0) -> 0.8 | J12: =IF(C12>0,G12/C12,0) -> 0.12857143
A13: 2026-04-04 | B13: Paid Ads | C13: 360 | D13: 550 | E13: 6 | F13: 234 | G13: 70 | H13: =WEEKNUM(A13,2) -> 14 | I13: =IF(C13>0,F13/C13,0) -> 0.65 | J13: =IF(C13>0,G13/C13,0) -> 0.19444444
A14: 2026-04-04 | B14: Referral | C14: 100 | D14: 460 | E14: 1 | F14: 84 | G14: 10 | H14: =WEEKNUM(A14,2) -> 14 | I14: =IF(C14>0,F14/C14,0) -> 0.84 | J14: =IF(C14>0,G14/C14,0) -> 0.1
... A92: 2026-04-30 | B92: Referral | C92: 115 | D92: 460 | E92: 1 | F92: 100 | G92: 11 | H92: =WEEKNUM(A92,2) -> 18 | I92: =IF(C92>0,F92/C92,0) -> 0.86956522 | J92: =IF(C92>0,G92/C92,0) -> 0.095652174

Sheet Pivot_Analysis
A1: Channel × Week — Avg Pass Rate & Manual Review Rate
A2: Formulas reference Cleaned_Data live — values update automatically if source data changes
A3: Acquisition Channel | B3: Week | C3: Days in Week | D3: Avg Pass Rate | E3: Avg Manual Review Rate | F3: Avg API Response (ms)
A4: Organic | B4: 14 | C4: =COUNTIFS(Cleaned_Data!$B$3:$B$92,"Organic",Cleaned_Data!$H$3:$H$92,14) -> 5 | D4: =AVERAGEIFS(Cleaned_Data!$I$3:$I$92,Cleaned_Data!$B$3:$B$92,"Organic",Cleaned_Data!$H$3:$H$92,14) -> 0.80493333 | E4: =AVERAGEIFS(Cleaned_Data!$J$3:$J$92,Cleaned_Data!$B$3:$B$92,"Organic",Cleaned_Data!$H$3:$H$92,14) -> 0.1141397 | F4: =AVERAGEIFS(Cleaned_Data!$D$3:$D$92,Cleaned_Data!$B$3:$B$92,"Organic",Cleaned_Data!$H$3:$H$92,14) -> 476
A5: Organic | B5: 15 | C5: =COUNTIFS(Cleaned_Data!$B$3:$B$92,"Organic",Cleaned_Data!$H$3:$H$92,15) -> 7 | D5: =AVERAGEIFS(Cleaned_Data!$I$3:$I$92,Cleaned_Data!$B$3:$B$92,"Organic",Cleaned_Data!$H$3:$H$92,15) -> 0.77890803 | E5: =AVERAGEIFS(Cleaned_Data!$J$3:$J$92,Cleaned_Data!$B$3:$B$92,"Organic",Cleaned_Data!$H$3:$H$92,15) -> 0.1129157 | F5: =AVERAGEIFS(Cleaned_Data!$D$3:$D$92,Cleaned_Data!$B$3:$B$92,"Organic",Cleaned_Data!$H$3:$H$92,15) -> 768.57143
A6: Organic | B6: 16 | C6: =COUNTIFS(Cleaned_Data!$B$3:$B$92,"Organic",Cleaned_Data!$H$3:$H$92,16) -> 7 | D6: =AVERAGEIFS(Cleaned_Data!$I$3:$I$92,Cleaned_Data!$B$3:$B$92,"Organic",Cleaned_Data!$H$3:$H$92,16) -> 0.6525726 | E6: =AVERAGEIFS(Cleaned_Data!$J$3:$J$92,Cleaned_Data!$B$3:$B$92,"Organic",Cleaned_Data!$H$3:$H$92,16) -> 0.096182637 | F6: =AVERAGEIFS(Cleaned_Data!$D$3:$D$92,Cleaned_Data!$B$3:$B$92,"Organic",Cleaned_Data!$H$3:$H$92,16) -> 2877.1429
A7: Organic | B7: 17 | C7: =COUNTIFS(Cleaned_Data!$B$3:$B$92,"Organic",Cleaned_Data!$H$3:$H$92,17) -> 7 | D7: =AVERAGEIFS(Cleaned_Data!$I$3:$I$92,Cleaned_Data!$B$3:$B$92,"Organic",Cleaned_Data!$H$3:$H$92,17) -> 0.81939118 | E7: =AVERAGEIFS(Cleaned_Data!$J$3:$J$92,Cleaned_Data!$B$3:$B$92,"Organic",Cleaned_Data!$H$3:$H$92,17) -> 0.10745379 | F7: =AVERAGEIFS(Cleaned_Data!$D$3:$D$92,Cleaned_Data!$B$3:$B$92,"Organic",Cleaned_Data!$H$3:$H$92,17) -> 464.28571
A8: Organic | B8: 18 | C8: =COUNTIFS(Cleaned_Data!$B$3:$B$92,"Organic",Cleaned_Data!$H$3:$H$92,18) -> 4 | D8: =AVERAGEIFS(Cleaned_Data!$I$3:$I$92,Cleaned_Data!$B$3:$B$92,"Organic",Cleaned_Data!$H$3:$H$92,18) -> 0.82111444 | E8: =AVERAGEIFS(Cleaned_Data!$J$3:$J$92,Cleaned_Data!$B$3:$B$92,"Organic",Cleaned_Data!$H$3:$H$92,18) -> 0.11106972 | F8: =AVERAGEIFS(Cleaned_Data!$D$3:$D$92,Cleaned_Data!$B$3:$B$92,"Organic",Cleaned_Data!$H$3:$H$92,18) -> 462.5
A9: Paid Ads | B9: 14 | C9: =COUNTIFS(Cleaned_Data!$B$3:$B$92,"Paid Ads",Cleaned_Data!$H$3:$H$92,14) -> 5 | D9: =AVERAGEIFS(Cleaned_Data!$I$3:$I$92,Cleaned_Data!$B$3:$B$92,"Paid Ads",Cleaned_Data!$H$3:$H$92,14) -> 0.65416771 | E9: =AVERAGEIFS(Cleaned_Data!$J$3:$J$92,Cleaned_Data!$B$3:$B$92,"Paid Ads",Cleaned_Data!$H$3:$H$92,14) -> 0.19257781 | F9: =AVERAGEIFS(Cleaned_Data!$D$3:$D$92,Cleaned_Data!$B$3:$B$92,"Paid Ads",Cleaned_Data!$H$3:$H$92,14) -> 502
A10: Paid Ads | B10: 15 | C10: =COUNTIFS(Cleaned_Data!$B$3:$B$92,"Paid Ads",Cleaned_Data!$H$3:$H$92,15) -> 7 | D10: =AVERAGEIFS(Cleaned_Data!$I$3:$I$92,Cleaned_Data!$B$3:$B$92,"Paid Ads",Cleaned_Data!$H$3:$H$92,15) -> 0.61982359 | E10: =AVERAGEIFS(Cleaned_Data!$J$3:$J$92,Cleaned_Data!$B$3:$B$92,"Paid Ads",Cleaned_Data!$H$3:$H$92,15) -> 0.18826916 | F10: =AVERAGEIFS(Cleaned_Data!$D$3:$D$92,Cleaned_Data!$B$3:$B$92,"Paid Ads",Cleaned_Data!$H$3:$H$92,15) -> 887.14286
A11: Paid Ads | B11: 16 | C11: =COUNTIFS(Cleaned_Data!$B$3:$B$92,"Paid Ads",Cleaned_Data!$H$3:$H$92,16) -> 7 | D11: =AVERAGEIFS(Cleaned_Data!$I$3:$I$92,Cleaned_Data!$B$3:$B$92,"Paid Ads",Cleaned_Data!$H$3:$H$92,16) -> 0.54753082 | E11: =AVERAGEIFS(Cleaned_Data!$J$3:$J$92,Cleaned_Data!$B$3:$B$92,"Paid Ads",Cleaned_Data!$H$3:$H$92,16) -> 0.15945647 | F11: =AVERAGEIFS(Cleaned_Data!$D$3:$D$92,Cleaned_Data!$B$3:$B$92,"Paid Ads",Cleaned_Data!$H$3:$H$92,16) -> 3214.2857
A12: Paid Ads | B12: 17 | C12: =COUNTIFS(Cleaned_Data!$B$3:$B$92,"Paid Ads",Cleaned_Data!$H$3:$H$92,17) -> 7 | D12: =AVERAGEIFS(Cleaned_Data!$I$3:$I$92,Cleaned_Data!$B$3:$B$92,"Paid Ads",Cleaned_Data!$H$3:$H$92,17) -> 0.65609966 | E12: =AVERAGEIFS(Cleaned_Data!$J$3:$J$92,Cleaned_Data!$B$3:$B$92,"Paid Ads",Cleaned_Data!$H$3:$H$92,17) -> 0.19625466 | F12: =AVERAGEIFS(Cleaned_Data!$D$3:$D$92,Cleaned_Data!$B$3:$B$92,"Paid Ads",Cleaned_Data!$H$3:$H$92,17) -> 510
A13: Paid Ads | B13: 18 | C13: =COUNTIFS(Cleaned_Data!$B$3:$B$92,"Paid Ads",Cleaned_Data!$H$3:$H$92,18) -> 4 | D13: =AVERAGEIFS(Cleaned_Data!$I$3:$I$92,Cleaned_Data!$B$3:$B$92,"Paid Ads",Cleaned_Data!$H$3:$H$92,18) -> 0.65967909 | E13: =AVERAGEIFS(Cleaned_Data!$J$3:$J$92,Cleaned_Data!$B$3:$B$92,"Paid Ads",Cleaned_Data!$H$3:$H$92,18) -> 0.1946558 | F13: =AVERAGEIFS(Cleaned_Data!$D$3:$D$92,Cleaned_Data!$B$3:$B$92,"Paid Ads",Cleaned_Data!$H$3:$H$92,18) -> 507.5
A14: Referral | B14: 14 | C14: =COUNTIFS(Cleaned_Data!$B$3:$B$92,"Referral",Cleaned_Data!$H$3:$H$92,14) -> 5 | D14: =AVERAGEIFS(Cleaned_Data!$I$3:$I$92,Cleaned_Data!$B$3:$B$92,"Referral",Cleaned_Data!$H$3:$H$92,14) -> 0.84945323 | E14: =AVERAGEIFS(Cleaned_Data!$J$3:$J$92,Cleaned_Data!$B$3:$B$92,"Referral",Cleaned_Data!$H$3:$H$92,14) -> 0.091558777 | F14: =AVERAGEIFS(Cleaned_Data!$D$3:$D$92,Cleaned_Data!$B$3:$B$92,"Referral",Cleaned_Data!$H$3:$H$92,14) -> 432
A15: Referral | B15: 15 | C15: =COUNTIFS(Cleaned_Data!$B$3:$B$92,"Referral",Cleaned_Data!$H$3:$H$92,15) -> 7 | D15: =AVERAGEIFS(Cleaned_Data!$I$3:$I$92,Cleaned_Data!$B$3:$B$92,"Referral",Cleaned_Data!$H$3:$H$92,15) -> 0.81785827 | E15: =AVERAGEIFS(Cleaned_Data!$J$3:$J$92,Cleaned_Data!$B$3:$B$92,"Referral",Cleaned_Data!$H$3:$H$92,15) -> 0.09144771 | F15: =AVERAGEIFS(Cleaned_Data!$D$3:$D$92,Cleaned_Data!$B$3:$B$92,"Referral",Cleaned_Data!$H$3:$H$92,15) -> 685.71429
A16: Referral | B16: 16 | C16: =COUNTIFS(Cleaned_Data!$B$3:$B$92,"Referral",Cleaned_Data!$H$3:$H$92,16) -> 7 | D16: =AVERAGEIFS(Cleaned_Data!$I$3:$I$92,Cleaned_Data!$B$3:$B$92,"Referral",Cleaned_Data!$H$3:$H$92,16) -> 0.66734427 | E16: =AVERAGEIFS(Cleaned_Data!$J$3:$J$92,Cleaned_Data!$B$3:$B$92,"Referral",Cleaned_Data!$H$3:$H$92,16) -> 0.083949902 | F16: =AVERAGEIFS(Cleaned_Data!$D$3:$D$92,Cleaned_Data!$B$3:$B$92,"Referral",Cleaned_Data!$H$3:$H$92,16) -> 2614.2857
A17: Referral | B17: 17 | C17: =COUNTIFS(Cleaned_Data!$B$3:$B$92,"Referral",Cleaned_Data!$H$3:$H$92,17) -> 7 | D17: =AVERAGEIFS(Cleaned_Data!$I$3:$I$92,Cleaned_Data!$B$3:$B$92,"Referral",Cleaned_Data!$H$3:$H$92,17) -> 0.86038375 | E17: =AVERAGEIFS(Cleaned_Data!$J$3:$J$92,Cleaned_Data!$B$3:$B$92,"Referral",Cleaned_Data!$H$3:$H$92,17) -> 0.098327497 | F17: =AVERAGEIFS(Cleaned_Data!$D$3:$D$92,Cleaned_Data!$B$3:$B$92,"Referral",Cleaned_Data!$H$3:$H$92,17) -> 434.28571
A18: Referral | B18: 18 | C18: =COUNTIFS(Cleaned_Data!$B$3:$B$92,"Referral",Cleaned_Data!$H$3:$H$92,18) -> 4 | D18: =AVERAGEIFS(Cleaned_Data!$I$3:$I$92,Cleaned_Data!$B$3:$B$92,"Referral",Cleaned_Data!$H$3:$H$92,18) -> 0.86519489 | E18: =AVERAGEIFS(Cleaned_Data!$J$3:$J$92,Cleaned_Data!$B$3:$B$92,"Referral",Cleaned_Data!$H$3:$H$92,18) -> 0.10033315 | F18: =AVERAGEIFS(Cleaned_Data!$D$3:$D$92,Cleaned_Data!$B$3:$B$92,"Referral",Cleaned_Data!$H$3:$H$92,18) -> 437.5
A19: Organic — Monthly Avg | B19: All | C19: =SUM(C4:C8) -> 30 | D19: =AVERAGE(D4:D8) -> 0.77538392 | E19: =AVERAGE(E4:E8) -> 0.10835231 | F19: =AVERAGE(F4:F8) -> 1009.7
A20: Paid Ads — Monthly Avg | B20: All | C20: =SUM(C9:C13) -> 30 | D20: =AVERAGE(D9:D13) -> 0.62746017 | E20: =AVERAGE(E9:E13) -> 0.18624278 | F20: =AVERAGE(F9:F13) -> 1124.1857
A21: Referral — Monthly Avg | B21: All | C21: =SUM(C14:C18) -> 30 | D21: =AVERAGE(D14:D18) -> 0.81204688 | E21: =AVERAGE(E14:E18) -> 0.093123408 | F21: =AVERAGE(F14:F18) -> 920.75714

Sheet Actual_Pivot_Table
A1: Pivot Table — Pass Rate & Manual Review Rate by Channel and Week
A2: Values: Average Pass Rate | Average Manual Review Rate | Rows: Acquisition Channel | Columns: Week Number
A3: Channel / Metric | B3: Week 14 | C3: Week 15 | D3: Week 16 | E3: Week 17 | F3: Week 18 | G3: Grand Avg
A4: Organic | B4: =AVERAGEIFS(Cleaned_Data!$I$3:$I$92,Cleaned_Data!$B$3:$B$92,"Organic",Cleaned_Data!$H$3:$H$92,14) -> 0.80493333 | C4: =AVERAGEIFS(Cleaned_Data!$I$3:$I$92,Cleaned_Data!$B$3:$B$92,"Organic",Cleaned_Data!$H$3:$H$92,15) -> 0.77890803 | D4: =AVERAGEIFS(Cleaned_Data!$I$3:$I$92,Cleaned_Data!$B$3:$B$92,"Organic",Cleaned_Data!$H$3:$H$92,16) -> 0.6525726 | E4: =AVERAGEIFS(Cleaned_Data!$I$3:$I$92,Cleaned_Data!$B$3:$B$92,"Organic",Cleaned_Data!$H$3:$H$92,17) -> 0.81939118 | F4: =AVERAGEIFS(Cleaned_Data!$I$3:$I$92,Cleaned_Data!$B$3:$B$92,"Organic",Cleaned_Data!$H$3:$H$92,18) -> 0.82111444 | G4: =AVERAGE(B4:F4) -> 0.77538392
B5: =AVERAGEIFS(Cleaned_Data!$J$3:$J$92,Cleaned_Data!$B$3:$B$92,"Organic",Cleaned_Data!$H$3:$H$92,14) -> 0.1141397 | C5: =AVERAGEIFS(Cleaned_Data!$J$3:$J$92,Cleaned_Data!$B$3:$B$92,"Organic",Cleaned_Data!$H$3:$H$92,15) -> 0.1129157 | D5: =AVERAGEIFS(Cleaned_Data!$J$3:$J$92,Cleaned_Data!$B$3:$B$92,"Organic",Cleaned_Data!$H$3:$H$92,16) -> 0.096182637 | E5: =AVERAGEIFS(Cleaned_Data!$J$3:$J$92,Cleaned_Data!$B$3:$B$92,"Organic",Cleaned_Data!$H$3:$H$92,17) -> 0.10745379 | F5: =AVERAGEIFS(Cleaned_Data!$J$3:$J$92,Cleaned_Data!$B$3:$B$92,"Organic",Cleaned_Data!$H$3:$H$92,18) -> 0.11106972 | G5: =AVERAGE(B5:F5) -> 0.10835231
A6: Paid Ads | B6: =AVERAGEIFS(Cleaned_Data!$I$3:$I$92,Cleaned_Data!$B$3:$B$92,"Paid Ads",Cleaned_Data!$H$3:$H$92,14) -> 0.65416771 | C6: =AVERAGEIFS(Cleaned_Data!$I$3:$I$92,Cleaned_Data!$B$3:$B$92,"Paid Ads",Cleaned_Data!$H$3:$H$92,15) -> 0.61982359 | D6: =AVERAGEIFS(Cleaned_Data!$I$3:$I$92,Cleaned_Data!$B$3:$B$92,"Paid Ads",Cleaned_Data!$H$3:$H$92,16) -> 0.54753082 | E6: =AVERAGEIFS(Cleaned_Data!$I$3:$I$92,Cleaned_Data!$B$3:$B$92,"Paid Ads",Cleaned_Data!$H$3:$H$92,17) -> 0.65609966 | F6: =AVERAGEIFS(Cleaned_Data!$I$3:$I$92,Cleaned_Data!$B$3:$B$92,"Paid Ads",Cleaned_Data!$H$3:$H$92,18) -> 0.65967909 | G6: =AVERAGE(B6:F6) -> 0.62746017
B7: =AVERAGEIFS(Cleaned_Data!$J$3:$J$92,Cleaned_Data!$B$3:$B$92,"Paid Ads",Cleaned_Data!$H$3:$H$92,14) -> 0.19257781 | C7: =AVERAGEIFS(Cleaned_Data!$J$3:$J$92,Cleaned_Data!$B$3:$B$92,"Paid Ads",Cleaned_Data!$H$3:$H$92,15) -> 0.18826916 | D7: =AVERAGEIFS(Cleaned_Data!$J$3:$J$92,Cleaned_Data!$B$3:$B$92,"Paid Ads",Cleaned_Data!$H$3:$H$92,16) -> 0.15945647 | E7: =AVERAGEIFS(Cleaned_Data!$J$3:$J$92,Cleaned_Data!$B$3:$B$92,"Paid Ads",Cleaned_Data!$H$3:$H$92,17) -> 0.19625466 | F7: =AVERAGEIFS(Cleaned_Data!$J$3:$J$92,Cleaned_Data!$B$3:$B$92,"Paid Ads",Cleaned_Data!$H$3:$H$92,18) -> 0.1946558 | G7: =AVERAGE(B7:F7) -> 0.18624278
A8: Referral | B8: =AVERAGEIFS(Cleaned_Data!$I$3:$I$92,Cleaned_Data!$B$3:$B$92,"Referral",Cleaned_Data!$H$3:$H$92,14) -> 0.84945323 | C8: =AVERAGEIFS(Cleaned_Data!$I$3:$I$92,Cleaned_Data!$B$3:$B$92,"Referral",Cleaned_Data!$H$3:$H$92,15) -> 0.81785827 | D8: =AVERAGEIFS(Cleaned_Data!$I$3:$I$92,Cleaned_Data!$B$3:$B$92,"Referral",Cleaned_Data!$H$3:$H$92,16) -> 0.66734427 | E8: =AVERAGEIFS(Cleaned_Data!$I$3:$I$92,Cleaned_Data!$B$3:$B$92,"Referral",Cleaned_Data!$H$3:$H$92,17) -> 0.86038375 | F8: =AVERAGEIFS(Cleaned_Data!$I$3:$I$92,Cleaned_Data!$B$3:$B$92,"Referral",Cleaned_Data!$H$3:$H$92,18) -> 0.86519489 | G8: =AVERAGE(B8:F8) -> 0.81204688
B9: =AVERAGEIFS(Cleaned_Data!$J$3:$J$92,Cleaned_Data!$B$3:$B$92,"Referral",Cleaned_Data!$H$3:$H$92,14) -> 0.091558777 | C9: =AVERAGEIFS(Cleaned_Data!$J$3:$J$92,Cleaned_Data!$B$3:$B$92,"Referral",Cleaned_Data!$H$3:$H$92,15) -> 0.09144771 | D9: =AVERAGEIFS(Cleaned_Data!$J$3:$J$92,Cleaned_Data!$B$3:$B$92,"Referral",Cleaned_Data!$H$3:$H$92,16) -> 0.083949902 | E9: =AVERAGEIFS(Cleaned_Data!$J$3:$J$92,Cleaned_Data!$B$3:$B$92,"Referral",Cleaned_Data!$H$3:$H$92,17) -> 0.098327497 | F9: =AVERAGEIFS(Cleaned_Data!$J$3:$J$92,Cleaned_Data!$B$3:$B$92,"Referral",Cleaned_Data!$H$3:$H$92,18) -> 0.10033315 | G9: =AVERAGE(B9:F9) -> 0.093123408
A10: Grand Total / Avg | B10: =AVERAGEIFS(Cleaned_Data!$I$3:$I$92,Cleaned_Data!$H$3:$H$92,14) -> 0.76951809 | C10: =AVERAGEIFS(Cleaned_Data!$I$3:$I$92,Cleaned_Data!$H$3:$H$92,15) -> 0.73886329 | D10: =AVERAGEIFS(Cleaned_Data!$I$3:$I$92,Cleaned_Data!$H$3:$H$92,16) -> 0.62248256 | E10: =AVERAGEIFS(Cleaned_Data!$I$3:$I$92,Cleaned_Data!$H$3:$H$92,17) -> 0.77862487 | F10: =AVERAGEIFS(Cleaned_Data!$I$3:$I$92,Cleaned_Data!$H$3:$H$92,18) -> 0.78199614 | G10: =AVERAGE(B10:F10) -> 0.73829699
A12: Note: Grand Total row shows Average Pass Rate across all channels for each week. For a manual review of Manual Review Rate by week, see the Pivot_Analysis sheet.

Sheet Dashboard
A1: FinVerify KYC Performance Dashboard | April 2026
A2: Combo Chart: Daily KYC Volume (bars, left axis) vs API Response Time ms (line, right axis)
B4: Total KYC Initiated | D4: Total Approvals | F4: Overall Pass Rate | H4: Avg API Response (ms) | J4: Total System Errors | L4: Manual Review Rate
B5: =SUM(Cleaned_Data!C3:C92) -> 16761 | D5: =SUM(Cleaned_Data!F3:F92) -> 11716 | F5: =SUM(Cleaned_Data!F3:F92)/SUM(Cleaned_Data!C3:C92) -> 0.69900364 | H5: =AVERAGE(Cleaned_Data!D3:D92) -> 1109.6667 | J5: =SUM(Cleaned_Data!E3:E92) -> 868 | L5: =SUM(Cleaned_Data!G3:G92)/SUM(Cleaned_Data!C3:C92) -> 0.15422707
A8: Chart Source Data (SUMIF / AVERAGEIF — linked from Cleaned_Data)
A9: Date | B9: Initiated_KYC_Count | C9: API_Response_Time_ms
A10: 2026-04-01 | B10: =SUMIF(Cleaned_Data!$A$3:$A$92,A10,Cleaned_Data!$C$3:$C$92) -> 545 | C10: =AVERAGEIF(Cleaned_Data!$A$3:$A$92,A10,Cleaned_Data!$D$3:$D$92) -> 450
A11: 2026-04-02 | B11: =SUMIF(Cleaned_Data!$A$3:$A$92,A11,Cleaned_Data!$C$3:$C$92) -> 515 | C11: =AVERAGEIF(Cleaned_Data!$A$3:$A$92,A11,Cleaned_Data!$D$3:$D$92) -> 470
A12: 2026-04-03 | B12: =SUMIF(Cleaned_Data!$A$3:$A$92,A12,Cleaned_Data!$C$3:$C$92) -> 550 | C12: =AVERAGEIF(Cleaned_Data!$A$3:$A$92,A12,Cleaned_Data!$D$3:$D$92) -> 466.66667
A13: 2026-04-04 | B13: =SUMIF(Cleaned_Data!$A$3:$A$92,A13,Cleaned_Data!$C$3:$C$92) -> 600 | C13: =AVERAGEIF(Cleaned_Data!$A$3:$A$92,A13,Cleaned_Data!$D$3:$D$92) -> 510
A14: 2026-04-05 | B14: =SUMIF(Cleaned_Data!$A$3:$A$92,A14,Cleaned_Data!$C$3:$C$92) -> 528 | C14: =AVERAGEIF(Cleaned_Data!$A$3:$A$92,A14,Cleaned_Data!$D$3:$D$92) -> 453.33333
A15: 2026-04-06 | B15: =SUMIF(Cleaned_Data!$A$3:$A$92,A15,Cleaned_Data!$C$3:$C$92) -> 500 | C15: =AVERAGEIF(Cleaned_Data!$A$3:$A$92,A15,Cleaned_Data!$D$3:$D$92) -> 443.33333
A16: 2026-04-07 | B16: =SUMIF(Cleaned_Data!$A$3:$A$92,A16,Cleaned_Data!$C$3:$C$92) -> 514 | C16: =AVERAGEIF(Cleaned_Data!$A$3:$A$92,A16,Cleaned_Data!$D$3:$D$92) -> 446.66667
A17: 2026-04-08 | B17: =SUMIF(Cleaned_Data!$A$3:$A$92,A17,Cleaned_Data!$C$3:$C$92) -> 581 | C17: =AVERAGEIF(Cleaned_Data!$A$3:$A$92,A17,Cleaned_Data!$D$3:$D$92) -> 470
A18: 2026-04-09 | B18: =SUMIF(Cleaned_Data!$A$3:$A$92,A18,Cleaned_Data!$C$3:$C$92) -> 549 | C18: =AVERAGEIF(Cleaned_Data!$A$3:$A$92,A18,Cleaned_Data!$D$3:$D$92) -> 490
A19: 2026-04-10 | B19: =SUMIF(Cleaned_Data!$A$3:$A$92,A19,Cleaned_Data!$C$3:$C$92) -> 627 | C19: =AVERAGEIF(Cleaned_Data!$A$3:$A$92,A19,Cleaned_Data!$D$3:$D$92) -> 513.33333
A20: 2026-04-11 | B20: =SUMIF(Cleaned_Data!$A$3:$A$92,A20,Cleaned_Data!$C$3:$C$92) -> 655 | C20: =AVERAGEIF(Cleaned_Data!$A$3:$A$92,A20,Cleaned_Data!$D$3:$D$92) -> 533.33333
A21: 2026-04-12 | B21: =SUMIF(Cleaned_Data!$A$3:$A$92,A21,Cleaned_Data!$C$3:$C$92) -> 465 | C21: =AVERAGEIF(Cleaned_Data!$A$3:$A$92,A21,Cleaned_Data!$D$3:$D$92) -> 2566.6667
... A39: 2026-04-30 | B39: =SUMIF(Cleaned_Data!$A$3:$A$92,A39,Cleaned_Data!$C$3:$C$92) -> 695 | C39: =AVERAGEIF(Cleaned_Data!$A$3:$A$92,A39,Cleaned_Data!$D$3:$D$92) -> 496.66667

Sheet Executive_Summary
B1: FinVerify KYC Performance — Executive Summary
B4: 📊 Key Findings
B5: ① | C5: API Latency Spike (Apr 12–15): Response times surged from a typical ~450–580 ms to over 9,100 ms on Apr 14 — a ~16× degradation. System errors ballooned over the same period (e.g., Paid Ads recorded 145 errors on Apr 14 vs a normal 3–8). This strongly suggests a major FinVerify vendor incident or infrastructure failure during this window.
B6: ② | C6: Approval Volume Collapse During Outage: Daily approvals for Paid Ads fell from ~234 (Apr 4) to just 58 (Apr 14) — a ~75% drop. Organic approvals declined from ~121 to 31. Recovery was visible from Apr 16 with API times returning to ~650–720 ms, strongly suggesting the vendor issue was resolved by that date.
B7: ③ | C7: Referral is the Cleanest Acquisition Channel: Referral users consistently delivered the highest Pass Rate (~86–88%) and the lowest Manual Review Rate (~9–11%) across all weeks. Organic ranked second. Paid Ads generated the highest raw volume but carried ~19–21% manual review rates and the lowest pass rates, indicating potential targeting misalignment or lower document-readiness among that cohort.
B8: ④ | C8: API Latency Correlates with System Errors and Onboarding Performance: The combo chart and daily data both show that spikes in API_Response_Time_ms closely coincide with spikes in System_Errors and drops in KYC volume. The data strongly suggests a relationship between API latency, system errors, and onboarding performance — though further investigation would be needed to confirm causation vs correlation.
B10: ✅ Recommendations
B11: 1. | C11: Configure API Latency Alerts: Set a real-time alert when API response time exceeds 1,000 ms (p95). Escalate automatically to engineering and the FinVerify vendor if sustained for more than 2 minutes. The Apr 12–15 outage lasted four days with no visible automated detection — this is an operational gap that must be closed before the next vendor incident.
B12: 2. | C12: Prioritise Referral as the Primary Growth Channel: Referral users pass KYC at the highest rate with minimal manual review overhead. Incremental budget should be reallocated toward referral incentive programmes (e.g., 'Refer a Friend' bonuses), directly reducing operational cost-per-verified-user.
B13: 3. | C13: Audit Paid Ads Targeting Quality: The ~19–21% manual review rate for Paid Ads is nearly double that of Referral. Run a cohort analysis to identify which creatives, demographics, or landing pages produce the poorest KYC outcomes, and exclude or re-target those segments to improve first-attempt pass rates.
B14: 4. | C14: Implement Async KYC with Webhook Notifications: To eliminate indefinite loading screens during API latency spikes, move to a webhook-based async model — show users 'We are verifying your documents; we will notify you.' This decouples user experience from API performance, prevents outage-driven abandonment, and enables accurate measurement of async re-engagement rates.
